title;summary;date;project_id
Zoolab;Curabitur in libero ut massa volutpat convallis. Morbi odio odio, elementum eu, interdum eu, tincidunt in, leo.;2021-06-27;5
Solarbreeze;Donec quis orci eget orci vehicula condimentum.;2022-03-08;7
Aerified;"Quisque id justo sit amet sapien dignissim vestibulum. Vestibulum ante ipsum primis in faucibus orci luctus et ultrices posuere cubilia Curae; Nulla dapibus dolor vel est. Donec odio justo, sollicitudin ut, suscipit a, feugiat et, eros.";2022-08-08;8
Alpha;Praesent lectus.;2022-02-02;8
Matsoft;Duis mattis egestas metus. Aenean fermentum. Donec ut mauris eget massa tempor convallis.;2021-09-24;8
Konklab;Duis bibendum, felis sed interdum venenatis, turpis enim blandit mi, in porttitor pede justo eu massa.;2022-05-24;8
Job;Fusce lacus purus, aliquet at, feugiat non, pretium quis, lectus. Suspendisse potenti.;2022-10-10;9
Fix San;Morbi sem mauris, laoreet ut, rhoncus aliquet, pulvinar sed, nisl. Nunc rhoncus dui vel sem.;2021-03-16;9
Lotlux;Phasellus in felis. Donec semper sapien a libero. Nam dui.;2022-10-13;9
Duobam;Curabitur at ipsum ac tellus semper interdum.;2022-03-20;12
Kanlam;Duis at velit eu est congue elementum.;2021-11-20;12
Veribet;In blandit ultrices enim. Lorem ipsum dolor sit amet, consectetuer adipiscing elit.;2022-04-25;12
Redhold;Nulla tempus. Vivamus in felis eu sapien cursus vestibulum. Proin eu mi.;2022-04-24;12
Biodex;In sagittis dui vel nisl. Duis ac nibh. Fusce lacus purus, aliquet at, feugiat non, pretium quis, lectus.;2022-06-03;12
Namfix;Suspendisse ornare consequat lectus. In est risus, auctor sed, tristique in, tempus sit amet, sem.;2021-09-16;13
Alphazap;Proin interdum mauris non ligula pellentesque ultrices.;2022-09-12;13
Pannier;Pellentesque viverra pede ac diam. Cras pellentesque volutpat dui.;2022-11-24;14
Quo Lux;Integer ac leo.;2021-12-14;14
Y-Solowarm;Suspendisse ornare consequat lectus. In est risus, auctor sed, tristique in, tempus sit amet, sem.;2022-07-06;15
Fintone;Donec posuere metus vitae ipsum.;2021-07-04;16
Trippledex;Donec ut dolor. Morbi vel lectus in quam fringilla rhoncus. Mauris enim leo, rhoncus sed, vestibulum sit amet, cursus id, turpis.;2022-12-08;16
Veribet;Vivamus vestibulum sagittis sapien.;2023-11-01;18
Stim;Suspendisse potenti. Cras in purus eu magna vulputate luctus.;2022-05-08;18
Job;Donec quis orci eget orci vehicula condimentum.;2021-11-24;18
Subin;Nullam varius. Nulla facilisi. Cras non velit nec nisi vulputate nonummy.;2021-11-08;1
Bytecard;Nulla justo. Aliquam quis turpis eget elit sodales scelerisque.;2022-07-04;19
Bytecard;Cum sociis natoque penatibus et magnis dis parturient montes, nascetur ridiculus mus. Vivamus vestibulum sagittis sapien.;2023-03-18;19
Vagram;"Vestibulum quam sapien, varius ut, blandit non, interdum in, ante. Vestibulum ante ipsum primis in faucibus orci luctus et ultrices posuere cubilia Curae; Duis faucibus accumsan odio.";2021-05-05;20
Asoka;Suspendisse accumsan tortor quis turpis.;2022-07-04;21
Namfix;Duis mattis egestas metus. Aenean fermentum.;2022-10-04;21
Cardify;Donec odio justo, sollicitudin ut, suscipit a, feugiat et, eros. Vestibulum ac est lacinia nisi venenatis tristique.;2022-10-07;22
Gembucket;Vestibulum sed magna at nunc commodo placerat. Praesent blandit.;2022-08-31;22
Home Ing;Proin interdum mauris non ligula pellentesque ultrices.;2023-01-02;23
Zathin;Fusce consequat.;2023-11-29;23
Bitwolf;In quis justo. Maecenas rhoncus aliquam lacus. Morbi quis tortor id nulla ultrices aliquet.;2023-03-03;27
Duobam;Lorem ipsum dolor sit amet, consectetuer adipiscing elit. Proin interdum mauris non ligula pellentesque ultrices. Phasellus id sapien in sapien iaculis congue.;2022-06-01;28
Andalax;Nunc nisl.;2023-10-07;28
Alpha;Donec ut dolor.;2022-09-03;28
Daltfresh;Fusce consequat. Nulla nisl. Nunc nisl.;2022-06-28;29
Asoka;Aenean fermentum. Donec ut mauris eget massa tempor convallis. Nulla neque libero, convallis eget, eleifend luctus, ultricies eu, nibh.;2022-03-28;32
Aerified;Proin interdum mauris non ligula pellentesque ultrices.;2022-12-23;33
Duobam;Etiam justo. Etiam pretium iaculis justo. In hac habitasse platea dictumst.;2024-01-24;33
Matsoft;"Vestibulum ante ipsum primis in faucibus orci luctus et ultrices posuere cubilia Curae; Donec pharetra, magna vestibulum aliquet ultrices, erat tortor sollicitudin mi, sit amet lobortis sapien sapien non mi.";2023-11-21;33
Asoka;Donec vitae nisi. Nam ultrices, libero non mattis pulvinar, nulla pede ullamcorper augue, a suscipit nulla elit ac nulla.;2021-12-26;35
Bitwolf;Integer tincidunt ante vel ipsum. Praesent blandit lacinia erat. Vestibulum sed magna at nunc commodo placerat.;2022-03-18;39
Zaam-Dox;In hac habitasse platea dictumst.;2021-09-09;41
Solarbreeze;Mauris enim leo, rhoncus sed, vestibulum sit amet, cursus id, turpis. Integer aliquet, massa id lobortis convallis, tortor risus dapibus augue, vel accumsan tellus nisi eu orci. Mauris lacinia sapien quis libero.;2023-04-12;42
Span;Mauris sit amet eros. Suspendisse accumsan tortor quis turpis.;2021-10-11;43
Zoolab;Curabitur at ipsum ac tellus semper interdum. Mauris ullamcorper purus sit amet nulla.;2021-11-24;43
Bamity;In hac habitasse platea dictumst.;2020-12-13;44
Sub-Ex;Maecenas rhoncus aliquam lacus.;2022-12-13;47
Konklab;Sed sagittis. Nam congue, risus semper porta volutpat, quam pede lobortis ligula, sit amet eleifend pede libero quis orci.;2023-12-10;47
Fix San;Etiam pretium iaculis justo.;2022-05-11;47
Voltsillam;Nam dui.;2021-03-20;60
Fix San;Mauris enim leo, rhoncus sed, vestibulum sit amet, cursus id, turpis. Integer aliquet, massa id lobortis convallis, tortor risus dapibus augue, vel accumsan tellus nisi eu orci. Mauris lacinia sapien quis libero.;2022-07-06;49
Cardify;"Vestibulum ante ipsum primis in faucibus orci luctus et ultrices posuere cubilia Curae; Donec pharetra, magna vestibulum aliquet ultrices, erat tortor sollicitudin mi, sit amet lobortis sapien sapien non mi. Integer ac neque. Duis bibendum.";2021-03-12;49
Zamit;Nam congue, risus semper porta volutpat, quam pede lobortis ligula, sit amet eleifend pede libero quis orci.;2022-12-03;53
Lotstring;Aenean lectus.;2021-10-15;55
Cookley;"Integer non velit. Donec diam neque, vestibulum eget, vulputate ut, ultrices vel, augue. Vestibulum ante ipsum primis in faucibus orci luctus et ultrices posuere cubilia Curae; Donec pharetra, magna vestibulum aliquet ultrices, erat tortor sollicitudin mi, sit amet lobortis sapien sapien non mi.";2020-05-29;55
Andalax;Donec semper sapien a libero. Nam dui.;2022-03-18;2
