organization_id;name;abbreviation;street;number;postal_code;city
1;Pfannerstill, Huels and Mitchell;YYTL;Onsgard;82;56940;Domont
2;Stamm, Nicolas and Schiller;FBFQ;Barby;177;23697;Picos
3;Goodwin Inc;ZAIW;Superior;7;13271;Larvik
4;Lakin, Bauch and Cremin;ZSSC;Red Cloud;3526;54123;Hushan
5;Wehner Inc;YJGD;South;515;83144;Tauranga
6;Quigley and Sons;BVNQ;Hovde;630;62443;Umingan
7;Hermiston-Dooley;WXOX;Jackson;629;47621;Ozherel’ye
8;O'Keefe, Fisher and Berge;PFFB;Clarendon;977;78964;Ternopil’
9;Collins Group;FIUH;Moland;352;87123;Paicol
10;Mitchell and Sons;TYMH;Donald;4831;96465;Darya Boyi
11;Bode-Hermann;OPQG;Reindahl;158;57632;Chakaray
12;Kris-Altenwerth;RVHR;Scoville;6261;51136;São Roque
13;Skiles and Sons;GIYK;Mesta;366;15896;Buikwe
14;Bergstrom-Huel;EIYI;Golden Leaf;8;13548;Jinping
15;Christiansen-Hegmann;WFNO;Corry;74;13575;Fornos de Algodres
16;Hettinger and Sons;HIJZ;Charing Cross;1;98562;Dehui
17;Schmeler, Mraz and Emard;JNZH;Bartillon;98;14526;Shagamu
18;Waelchi LLC;JWBQ;Bartelt;8;11364;Sudogda
19;Gutmann Inc;NAKI;Lyons;5;35971;Zhenxing
20;Gleichner Group;QGZZ;Swallow;8;23684;Zaoxi
21;Greenholt-Schulist;ANYV;Gina;6;12364;Charlestown
22;Farrell-Rodriguez;LKOB;Hermina;573;45750;Basīrpur
23;Cremin-Rath;DKYF;Melby;17;69852;Lapas
24;Lang LLC;CYYC;Northridge;6;12364;Vanimo
25;Sanford, Paucek and Crooks;AFRU;Onsgard;581;35442;Tairua
26;Hilll Group;LGJP;Lake View;0;96315;Bourgoin-Jallieu
27;Swaniawski, Boehm and Huel;WDUK;Fairfield;7;12354;Bluefields
28;Fritsch-Collins;ZQYZ;Miller;34605;12547;Paucarcolla
29;Gislason, Bernier and Kassulke;MRPS;Ruskin;8;56871;Älmhult
30;Gutmann, Maggio and Anderson;OZPA;Basil;41;20133;Castleblayney
31;Vandervort, Mohr and Cole;CJQU;Nobel;75627;90316;Portumna
32;Abshire Inc;AJFE;John Wall;49;80643;Yinchuan
33;Glover and Sons;EWEX;Clarendon;890;83069;Haninge
34;Koepp-Rogahn;RNAB;Northwestern;87;10234;Piątnica
35;Balistreri-Stracke;SRNU;Londonderry;4056;78130;Dahe
36;Abernathy LLC;XNLE;Main;232;61301;Ligang
37;Mayert-Jacobs;EVRJ;Arrowood;8379;50316;Malati
38;Treutel-Grant;WEFM;Hansons;5;61031;Bayt ‘Ūr at Taḩtā
39;O'Keefe, Rippin and Hand;PBIB;Dovetail;2589;61050;Phrae
40;Farrell-Braun;MZLV;Mayfield;32;61301;Couto
